,Converted book data,,,,,,,,,,,Values,,,,,,,,,,,,,,,,
,,,,,,,,,,,,Conversion key:,,,,,,,,,,,,,,,,
,,,,,,,,,,,,,Converted values,,,,,,,,,,,,,,,
,,,,,,,,,,,,,D,,L,A,,,,,,,,,,,,
,,,,,,,,,,,,Book code,(m),,(m),(#),,,,,,,,,,,,
,,,,,,,,,,,,<1,0.05,,0.5,-,,,,,,,,,,,,
,Total LWD (m3):,#VALUE!,,,,,,,,,,1,0.10,,3.0,2.0,,,,,,,,,,,,
,,,,,,,,,,,,2,0.20,,7.5,2.5,,,,,,,,,,,,
,,,,,,,,,,,,3,0.55,,12.5,5.0,,,,,,,,,,,,
,,,,,,,,,,,,4,1.00,,17.5,10.0,,,,,,,,,,,,
,,,,,,,,,,,,5,1.50,,20.0,15.0,,,,,,,,,,,,
,,,,,,,,,,,,,,,,,,,,,,,,,,,,
,,,,,,,,,,,,,,,,,,,,,,,,,,,,
,,,,,,,,,,,,,,,,,,,,,,,,,,,,
,,,,,,,,,,,,,,,,,,,,,,,,,,,,
,,,,,,,,,,,,,,,,,,,,,,,,,,,,
,,,,,,,,,,,,Converted values,,,,,,,,,,,,,,,,
Orig,Corrected,,,,,,,,,,Notes,D,L,Vol,A,Vol,,,,,,,,,,,,
HD (m),HD (m),D,L,A,O,W,Position,Height,Function,Jam,LWD ALSO @,(m),(m),(m^3),(#),(m^3),,,,,,,,,,,,
0.0,0.0,1,1,1,2,,,,,,,0.1,3.0,0.0,1.5,0.01,,,,,,,,,,,,
,,,,,,,,,,,,,,,,,,,,,,,,,,,,
,,,,,,,,,,,,,,,,,,,,,,,,,,,,
10.0,10.0,2,2,2,2,,1,5,"U, L",,,0.2,7.5,0.2,2.5,0.59,,,,,,,,,,,,
,,,,,,,,,,,,,,,,,,,,,,,,,,,,
30.0,30.0,0,0,0,,,,,,,,,,,,,,,,,,,,,,,,
,,,,,,,,,,,,,,,,,,,,,,,,,,,,
40.0,40.0,2,2,1,1,,2,1,U,,,0.2,7.5,0.2,1.5,0.35,,,,,,,,,,,,
,,2,1,1,1,,2,1,U,,,0.2,3.0,0.1,1.5,0.14,,,,,,,,,,,,
,,,,,,,,,,,,,,,,,,,,,,,,,,,,
50.0,50.0,1,1,3,2,,1,1,"U, L",JA,,0.1,3.0,0.0,5.0,0.05,,,,,,,,,,,,
,,3,2,1,3,,2,1,,JA,,0.5,7.5,1.5,1.5,2.21,,,,,,,,,,,,
,,1,3,2,2,,1,1,,JA,,0.1,12.5,0.0,2.5,0.10,,,,,,,,,,,,
,,1,1,3,1,,,,,JA,,0.1,3.0,0.0,5.0,0.05,,,,,,,,,,,,
,,,,,,,,,,,,,,,,,,,,,,,,,,,,
,,,,,,,,,,,,,,,,,,,,,,,,,,,,
,,,,,,,,,,,,,,,,,,,,,,,,,,,,
60.0,60.0,0,0,0,,,,,,,,,,,,,,,,,,,,,,,,
,,,,,,,,,,,,,,,,,,,,,,,,,,,,
70.0,70.0,1,2,2,2,,,,,,,0.1,7.5,0.0,2.5,0.06,,,,,,,,,,,,
,,2,2,2,2,,,,"U,L",,,0.2,7.5,0.2,2.5,0.59,,,,,,,,,,,,
80.0,80.0,2,2,3,1,,1,1,U,,,0.2,7.5,0.2,5.0,1.18,,,,,,,,,,,,
,,3,2,1,3,,1,1,,JB,,0.5,7.5,1.5,1.5,2.21,,,,,,,,,,,,
,,3,2,2,3,,,,"P, U",JB,,0.5,7.5,1.5,2.5,3.68,,,,,,,,,,,,
,,,,,,,,,,,,,,,,,,,,,,,,,,,,
,,,,,,,,,,,,,,,,,,,,,,,,,,,,
90.0,90.0,1,1,3,1,,,,,,,0.1,3.0,0.0,5.0,0.05,,,,,,,,,,,,
,,,,,,,,,,,,,,,,,,,,,,,,,,,,
100.0,100.0,2,3,1,3,,2,1,,,,0.2,12.5,0.4,1.5,0.59,,,,,,,,,,,,
,,0,0,0,,,,,,,,,,,,,,,,,,,,,,,,
110.0,110.0,1,1,1,2,,1,1,,,,0.1,3.0,0.0,1.5,0.01,,,,,,,,,,,,
,,0,0,0,,,,,,,,,,,,,,,,,,,,,,,,
,,,,,,,,,,,,,,,,,,,,,,,,,,,,
120.0,120.0,0,0,0,,,,,,,,,,,,,,,,,,,,,,,,
130.0,130.0,0,0,0,,,,,,,,,,,,,,,,,,,,,,,,
,,,,,,,,,,,,,,,,,,,,,,,,,,,,
,,,,,,,,,,,,,,,,,,,,,,,,,,,,
,,,,,,,,,,,,,,,,,,,,,,,,,,,,
140.0,140.0,3,1,1,2,,1,1,U,JC,,0.5,3.0,0.6,1.5,0.88,,,,,,,,,,,,
,,1,1,3,2,,,,L,JC,,0.1,3.0,0.0,5.0,0.05,,,,,,,,,,,,
,,2,1,3,2,,,,L,JC,,0.2,3.0,0.1,5.0,0.47,,,,,,,,,,,,
,,3,2,1,2,1,,,"U, L",JC,,0.5,7.5,1.5,1.5,2.21,,,,,,,,,,,,
,,,,,,,,,,,,,,,,,,,,,,,,,,,,
150.0,150.0,0,0,0,,,,,,,,,,,,,,,,,,,,,,,,
,,2,1,1,2,,,,L,,,0.2,3.0,0.1,1.5,0.14,,,,,,,,,,,,
160.0,160.0,0,0,0,,,,,O,,,,,,,,,,,,,,,,,,,
,,1,2,1,3,,2,1,,,,0.1,7.5,0.0,1.5,0.03,,,,,,,,,,,,
170.0,170.0,0,0,0,,,,,,,,,,,,,,,,,,,,,,,,
,,1,1,3,1,,2,1,"U, O",,,0.1,3.0,0.0,5.0,0.05,,,,,,,,,,,,
,,,,,,,,,,,,,,,,,,,,,,,,,,,,
180.0,180.0,3,2,1,2,1,2,0.5,U,,,0.5,7.5,1.5,1.5,2.21,,,,,,,,,,,,
,,2,2,1,2,,2,1,U,,,0.2,7.5,0.2,1.5,0.35,,,,,,,,,,,,
190.0,190.0,0,0,0,,,,,,,,,,,,,,,,,,,,,,,,
200.0,200.0,2,1,2,2,,1,1,"L, U",JD,,0.2,3.0,0.1,2.5,0.24,,,,,,,,,,,,
,,2,2,1,3,,,,,JD,,0.2,7.5,0.2,1.5,0.35,,,,,,,,,,,,
,,,,,,,,,,,,,,,,,,,,,,,,,,,,
,,,,,,,,,,,,,,,,,,,,,,,,,,,,
210.0,210.0,1,2,3,2,, ,,"L, U",JD,,0.1,7.5,0.0,5.0,0.12,,,,,,,,,,,,
,,2,2,3,2,,,,"L, U",JD,,0.2,7.5,0.2,5.0,1.18,,,,,,,,,,,,
,,2,3,3,2,,,,"L, U",JD,,0.2,12.5,0.4,5.0,1.96,,,,,,,,,,,,
220.0,220.0,2,3,2,2,,1,1,U,,,0.2,12.5,0.4,2.5,0.98,,,,,,,,,,,,
,,,,,,,,,,,,,,,,,,,,,,,,,,,,
230.0,230.0,3,1,1,1,,,,,,,0.5,3.0,0.6,1.5,0.88,,,,,,,,,,,,
,,2,1,1,1,1,,,U,,,0.2,3.0,0.1,1.5,0.14,,,,,,,,,,,,
,,,,,,,,,,,,,,,,,,,,,,,,,,,,
,,,,,,,,,,,,,,,,,,,,,,,,,,,,
,,,,,,,,,,,,,,,,,,,,,,,,,,,,
250.0,250.0,2,2,1,3,,2,1,U,,,0.2,7.5,0.2,1.5,0.35,,,,,,,,,,,,
,,,,,,,,,,,,,,,,,,,,,,,,,,,,
260.0,260.0,1,2,2,2,,1,1,O,,,0.1,7.5,0.0,2.5,0.06,,,,,,,,,,,,
,,2,2,2,3,,2,1,U,,,0.2,7.5,0.2,2.5,0.59,,,,,,,,,,,,
,,,,,,,,,,,,,,,,,,,,,,,,,,,,
270.0,270.0,3,1,2,2,,,,"L, U, P",,,0.5,3.0,0.6,2.5,1.47,,,,,,,,,,,,
,,,,,,,,,,,,,,,,,,,,,,,,,,,,
280.0,280.0,2,1,5,2,,,,,JE,,0.2,3.0,0.1,15.0,1.41,,,,,,,,,,,,
,,1,1,5,2,,,,"L, U",JE,,0.1,3.0,0.0,15.0,0.14,,,,,,,,,,,,
,,2,3,3,2,1,,,"L, U",JE,,0.2,12.5,0.4,5.0,1.96,,,,,,,,,,,,
,,3,2,3,2,1,,,"L, U",,,0.5,7.5,1.5,5.0,7.36,,,,,,,,,,,,
,,2,2,3,2,,2,1,O,JE,,0.2,7.5,0.2,5.0,1.18,,,,,,,,,,,,
285.0,285.0,1,1,6,,,,,,,,0.1,3.0,0.0,error,#VALUE!,,,,,,,,,,,,
290.0,290.0,0,0,0,,,,,,,,,,,,,,,,,,,,,,,,
,,3,1,1,1,1,,,L,,,0.5,3.0,0.6,1.5,0.88,,,,,,,,,,,,
300.0,300.0,0,0,0,,,,,,,,,,,,,,,,,,,,,,,,
310.0,310.0,2,2,2,2,,1,1,U,,,0.2,7.5,0.2,2.5,0.59,,,,,,,,,,,,
320.0,320.0,2,2,1,1,,1,1,O,,,0.2,7.5,0.2,1.5,0.35,,,,,,,,,,,,
,,3,2,1,1,1,,,L,,,0.5,7.5,1.5,1.5,2.21,,,,,,,,,,,,
330.0,330.0,3,2,1,2,1,,,"L, U",,,0.5,7.5,1.5,1.5,2.21,,,,,,,,,,,,
,,,,,,,,,,,,,,,,,,,,,,,,,,,,
340.0,340.0,1,2,2,2,1,1,1,"L, U",,,0.1,7.5,0.0,2.5,0.06,,,,,,,,,,,,
,,2,2,3,2,1,2,1,"L,U",,,0.2,7.5,0.2,5.0,1.18,,,,,,,,,,,,
350.0,350.0,1,1,2,1,,1,1,U,,,0.1,3.0,0.0,2.5,0.02,,,,,,,,,,,,
,,,,,,,,,,,,,,,,,,,,,,,,,,,,
,,,,,,,,,,,,,,,,,,,,,,,,,,,,
360.0,360.0,1,1,2,1,,,,L,,,0.1,3.0,0.0,2.5,0.02,,,,,,,,,,,,
,,2,1,2,1,,,,L,,,0.2,3.0,0.1,2.5,0.24,,,,,,,,,,,,
370.0,370.0,0,0,0,,,,,,,,,,,,,,,,,,,,,,,,
,,,,,,,,,,,,,,,,,,,,,,,,,,,,
380.0,380.0,2,1,1,2,,1,1,U,,,0.2,3.0,0.1,1.5,0.14,,,,,,,,,,,,
390.0,390.0,2,1,2,2,,,,U,JF,,0.2,3.0,0.1,2.5,0.24,,,,,,,,,,,,
,,3,2,1,3,1,,,"L, U",JF,,0.5,7.5,1.5,1.5,2.21,,,,,,,,,,,,
,,1,1,3,2,,,,L,JF,,0.1,3.0,0.0,5.0,0.05,,,,,,,,,,,,
,,,,,,,,,,,,,,,,,,,,,,,,,,,,
400.0,400.0,2,2,5,,,,,"L, U",JG,,0.2,7.5,0.2,15.0,3.53,,,,,,,,,,,,
,,2,3,5,,1,1,1,"L, U",JG,,0.2,12.5,0.4,15.0,5.89,,,,,,,,,,,,
,,3,3,3,,1,2,1,U,JG,,0.5,12.5,2.5,5.0,12.27,,,,,,,,,,,,
,,2,1,5,,,1,1,"L, U",JG,,0.2,3.0,0.1,15.0,1.41,,,,,,,,,,,,
,,1,1,5,,,,,L,JG,,0.1,3.0,0.0,15.0,0.14,,,,,,,,,,,,
,,3,2,2,,,,,"L, P",JG,,0.5,7.5,1.5,2.5,3.68,,,,,,,,,,,,
,,,,,,,,,,,,,,,,,,,,,,,,,,,,
,,,,,,,,,,,,,,,,,,,,,,,,,,,,
,,,,,,,,,,,,,,,,,,,,,,,,,,,,
420.0,420.0,2,1,3,,,1,1,U,,,0.2,3.0,0.1,5.0,0.47,,,,,,,,,,,,
,,,,,,,,,,,,,,,,,,,,,,,,,,,,
,,,,,,,,,,,,,,,,,,,,,,,,,,,,
440.0,440.0,0,0,0,,,,,,,,,,,,,,,,,,,,,,,,
,,2,1,2,2,,,1,U,,,0.2,3.0,0.1,2.5,0.24,,,,,,,,,,,,
,,,,,,,,,,,,,,,,,,,,,,,,,,,,
450.0,450.0,0,0,0,,,,,,,,,,,,,,,,,,,,,,,,
,,,,,,,,,,,,,,,,,,,,,,,,,,,,
460.0,460.0,2,1,1,3,,,,"U, L, P",,,0.2,3.0,0.1,1.5,0.14,,,,,,,,,,,,
470.0,470.0,0,0,0,,,,,,,,,,,,,,,,,,,,,,,,
,,,,,,,,,,,,,,,,,,,,,,,,,,,,
,,,,,,,,,,,,,,,,,,,,,,,,,,,,
480.0,480.0,1,1,2,2,,,,,,,0.1,3.0,0.0,2.5,0.02,,,,,,,,,,,,
,,2,2,3,2,1,1,1,"U, L",,,0.2,7.5,0.2,5.0,1.18,,,,,,,,,,,,
,,,,,,,,,,,,,,,,,,,,,,,,,,,,
490.0,490.0,0,0,0,,,,,,,,,,,,,,,,,,,,,,,,
500.0,500.0,1,2,1,1,1, , ,L,,,0.1,7.5,0.0,1.5,0.03,,,,,,,,,,,,
,,1,2,3,, ,2,1,,,,0.1,7.5,0.0,5.0,0.12,,,,,,,,,,,,
510.0,510.0,1,2,2,1,,2,1,,,,0.1,7.5,0.0,2.5,0.06,,,,,,,,,,,,
,,,,,,,,,,,,,,,,,,,,,,,,,,,,
520.0,520.0,2,1,3,2,,,,L,JH,,0.2,3.0,0.1,5.0,0.47,,,,,,,,,,,,
,,1,3,3,3,1,1,2,"L, U",JH,,0.1,12.5,0.0,5.0,0.19,,,,,,,,,,,,
,,2,3,4,3,1,1,2,"L, U",JH,,0.2,12.5,0.4,9.5,3.73,,,,,,,,,,,,
,,,,,,,,,,,,,,,,,,,,,,,,,,,,
,,,,,,,,,,,,,,,,,,,,,,,,,,,,
,,,,,,,,,,,,,,,,,,,,,,,,,,,,
540.0,540.0,2,3,1,2,,1,2,"L, U",,,0.2,12.5,0.4,1.5,0.59,,,,,,,,,,,,
550.0,550.0,1,1,2,1,,,,,,,0.1,3.0,0.0,2.5,0.02,,,,,,,,,,,,
,,2,5,1,1,1,,,"L, U",,,0.2,25.0,0.8,1.5,1.18,,,,,,,,,,,,
560.0,560.0,0,0,0,,,,,,,,,,,,,,,,,,,,,,,,
,,,,,,,,,,,,,,,,,,,,,,,,,,,,
,,,,,,,,,,,,,,,,,,,,,,,,,,,,
570.0,570.0,3,1,1,1,,1,1,U,,,0.5,3.0,0.6,1.5,0.88,,,,,,,,,,,,
,,2,1,1,3,,1,1,U,,,0.2,3.0,0.1,1.5,0.14,,,,,,,,,,,,
,,1,2,2,2,,1,1,,,,0.1,7.5,0.0,2.5,0.06,,,,,,,,,,,,
,,,,,,,,,,,,,,,,,,,,,,,,,,,,
580.0,580.0,0,0,0,,,,,,,,,,,,,,,,,,,,,,,,
,,2,1,2,2,,,,L,,,0.2,3.0,0.1,2.5,0.24,,,,,,,,,,,,
590.0,590.0,2,3,1,2,,,,L,,,0.2,12.5,0.4,1.5,0.59,,,,,,,,,,,,
600.0,600.0,0,0,0,,,,,,,,,,,,,,,,,,,,,,,,
610.0,610.0,0,0,0,,,,,,,,,,,,,,,,,,,,,,,,
,,3,1,1,1,,,,L,,,0.5,3.0,0.6,1.5,0.88,,,,,,,,,,,,
620.0,620.0,0,0,0,,,,,,,,,,,,,,,,,,,,,,,,
,,2,1,2,1,,,,L,,,0.2,3.0,0.1,2.5,0.24,,,,,,,,,,,,
,,,,,,,,,,,,,,,,,,,,,,,,,,,,
630.0,630.0,1,1,5,2,1,,,U,JI,,0.1,3.0,0.0,15.0,0.14,,,,,,,,,,,,
,,2,2,5,2,,,,"L, U",JI,,0.2,7.5,0.2,15.0,3.53,,,,,,,,,,,,
,,2,1,5,2,1,,,U,JI,,0.2,3.0,0.1,15.0,1.41,,,,,,,,,,,,
,,,,,,,,,,,,,,,,,,,,,,,,,,,,
640.0,640.0,0,0,0,,,,,,,,,,,,,,,,,,,,,,,,
,,,,,,,,,,,,,,,,,,,,,,,,,,,,
,,,,,,,,,,,,,,,,,,,,,,,,,,,,
650.0,650.0,2,3,3,2,,1,1,U,,,0.2,12.5,0.4,5.0,1.96,,,,,,,,,,,,
,,,,,,,,,,,,,,,,,,,,,,,,,,,,
660.0,660.0,1,1,5,1,,,,,JJ,,0.1,3.0,0.0,15.0,0.14,,,,,,,,,,,,
,,2,1,3,2,,,,L,JJ,,0.2,3.0,0.1,5.0,0.47,,,,,,,,,,,,
,,2,1,4,2,,,,L,JJ,,0.2,3.0,0.1,9.5,0.90,,,,,,,,,,,,
,,2,3,1,2,,2,0.5,U,JJ,,0.2,12.5,0.4,1.5,0.59,,,,,,,,,,,,
,,,,,,,,,,,,,,,,,,,,,,,,,,,,
,,,,,,,,,,,,,,,,,,,,,,,,,,,,
,,,,,,,,,,,,,,,,,,,,,,,,,,,,
,,,,,,,,,,,,,,,,,,,,,,,,,,,,
,,,,,,,,,,,,,,,,,,,,,,,,,,,,
,,,,,,,,,,,,,,,,,,,,,,,,,,,,
0.0,843.0,1,2,5,2, ,,, ,JK,,0.1,7.5,0.0,15.0,0.35,,,,,,,,,,,,
,,2,1,5,2,,,,,JK,,0.2,3.0,0.1,15.0,1.41,,,,,,,,,,,,
,,1,1,5,2,,,,,JK,,0.1,3.0,0.0,15.0,0.14,,,,,,,,,,,,
,,2,2,5,2,,,,,JK,,0.2,7.5,0.2,15.0,3.53,,,,,,,,,,,,
,,3,2,1,2,,,,,JK,,0.5,7.5,1.5,1.5,2.21,,,,,,,,,,,,
,,,,,,,,,,,,,,,,,,,,,,,,,,,,
20.0,863.0,1,1,5,,,,,,JL,,0.1,3.0,0.0,15.0,0.14,,,,,,,,,,,,
,,1,1,5,,,,,,,,0.1,3.0,0.0,15.0,0.14,,,,,,,,,,,,
,,1,1,5,,,,,,,,0.1,3.0,0.0,15.0,0.14,,,,,,,,,,,,
,,1,1,5,,,,,,,,0.1,3.0,0.0,15.0,0.14,,,,,,,,,,,,
,,1,1,5,,,,,,,,0.1,3.0,0.0,15.0,0.14,,,,,,,,,,,,
,,3,2,2,,,,,,JL,,0.5,7.5,1.5,2.5,3.68,,,,,,,,,,,,
,,3,3,3,,,,,,JL,,0.5,12.5,2.5,5.0,12.27,,,,,,,,,,,,
,,3,4,3,2,1,2,1,"U, L",JL,,0.5,17.5,3.4,5.0,17.18,,,,,,,,,,,,
,,2,4,3,,,,,,JL,,0.2,17.5,0.5,5.0,2.75,,,,,,,,,,,,
,,2,3,5,,,,,,JL,,0.2,12.5,0.4,15.0,5.89,,,,,,,,,,,,
,,2,2,5,,,,,,JL,,0.2,7.5,0.2,15.0,3.53,,,,,,,,,,,,
35.0,878.0,2,1,5,,,,,,JL,,0.2,3.0,0.1,15.0,1.41,,,,,,,,,,,,
,,,,,,,,,,,,,,,,,,,,,,,,,,,,
60.0,903.0,3,2,2,2,,2,1,"U, L",,,0.5,7.5,1.5,2.5,3.68,,,,,,,,,,,,
,,2,3,2,2,,1,1,"U, L",,,0.2,12.5,0.4,2.5,0.98,,,,,,,,,,,,
,,2,1,2,2,,2,2,,,,0.2,3.0,0.1,2.5,0.24,,,,,,,,,,,,
,,,,,,,,,,,,,,,,,,,,,,,,,,,,
,,,,,,,,,,,,,,,,,,,,,,,,,,,,
80.0,923.0,2,1,3,1,,2,1,,,,0.2,3.0,0.1,5.0,0.47,,,,,,,,,,,,
,,1,1,3,2,,,,U,,,0.1,3.0,0.0,5.0,0.05,,,,,,,,,,,,
,,2,2,3,2,,1,1,U,,,0.2,7.5,0.2,5.0,1.18,,,,,,,,,,,,
,,3,3,1,2,,2,1,U,,,0.5,12.5,2.5,1.5,3.68,,,,,,,,,,,,
,,,,,,,,,,,,,,,,,,,,,,,,,,,,
,,,,,,,,,,,,,,,,,,,,,,,,,,,,
100.0,943.0,1,1,5,,,,,,JM,,0.1,3.0,0.0,15.0,0.14,,,,,,,,,,,,
,,1,1,5,,,,,,,,0.1,3.0,0.0,15.0,0.14,,,,,,,,,,,,
,,2,1,5,,,,,,,,0.2,3.0,0.1,15.0,1.41,,,,,,,,,,,,
,,2,1,5,,,,,,JM,,0.2,3.0,0.1,15.0,1.41,,,,,,,,,,,,
,,2,2,3,2,,1,1,,JM,,0.2,7.5,0.2,5.0,1.18,,,,,,,,,,,,
,,3,1,3,2,,2,1,,JM,,0.5,3.0,0.6,5.0,2.95,,,,,,,,,,,,
,,,,,,,,,,,,,,,,,,,,,,,,,,,,
120.0,963.0,2,2,4,1,,,,L,,,0.2,7.5,0.2,9.5,2.24,,,,,,,,,,,,
,,2,1,3,2,,,,"U, L",,,0.2,3.0,0.1,5.0,0.47,,,,,,,,,,,,
,,3,3,3,2,1,1,3,"U, L",,,0.5,12.5,2.5,5.0,12.27,,,,,,,,,,,,
140.0,983.0,2,1,3,2,,1,1,,,,0.2,3.0,0.1,5.0,0.47,,,,,,,,,,,,
,,2,2,3,2,,1,1,,,,0.2,7.5,0.2,5.0,1.18,,,,,,,,,,,,
,,3,2,2,2,1,1,2,,,,0.5,7.5,1.5,2.5,3.68,,,,,,,,,,,,
160.0,1003.0,3,1,,,,,,,,,0.5,3.0,0.6,error,#VALUE!,,,,,,,,,,,,
,,2,2,3,,,,,,,,0.2,7.5,0.2,5.0,1.18,,,,,,,,,,,,
,,1,1,3,,,,,,,,0.1,3.0,0.0,5.0,0.05,,,,,,,,,,,,
,,,,,,,,,,,,,,,,,,,,,,,,,,,,
,,,,,,,,,,,,,,,,,,,,,,,,,,,,
180.0,1023.0,1,2,3,1,,1,1,,JN,,0.1,7.5,0.0,5.0,0.12,,,,,,,,,,,,
,,3,1,2,3,,1,1,U,JN,,0.5,3.0,0.6,2.5,1.47,,,,,,,,,,,,
,,1,1,5,,,,,,JN,,0.1,3.0,0.0,15.0,0.14,,,,,,,,,,,,
,,2,3,3,3,1,2,2,,JN,,0.2,12.5,0.4,5.0,1.96,,,,,,,,,,,,
200.0,1043.0,2,2,3,,,1,1,"U, L",,,0.2,7.5,0.2,5.0,1.18,,,,,,,,,,,,
,,2,3,2,,,2,2,,,,0.2,12.5,0.4,2.5,0.98,,,,,,,,,,,,
,,3,3,3,, ,2,2,,,,0.5,12.5,2.5,5.0,12.27,,,,,,,,,,,,
220.0,1063.0,0,0,0,,,,,,,,,,,,,,,,,,,,,,,,
,,,,,,,,,,,,,,,,,,,,,,,,,,,,
0.0,1083.0,0,0,0,,,,,L,,,,,,,,,,,,,,,,,,,
,,2,1,2,1,,,,,,,0.2,3.0,0.1,2.5,0.24,,,,,,,,,,,,
20.0,1103.0,2,1,3,1,,,,L,,,0.2,3.0,0.1,5.0,0.47,,,,,,,,,,,,
,,2,4,1,3,,2,2,,,,0.2,17.5,0.5,1.5,0.82,,,,,,,,,,,,
40.0,1123.0,0,0,0,,,,,L,,,,,,,,,,,,,,,,,,,
,,2,1,2,1,,,,,,,0.2,3.0,0.1,2.5,0.24,,,,,,,,,,,,
,,,,,,,,,,,,,,,,,,,,,,,,,,,,
80.0,1163.0,2,1,2,3,,2,1,,,,0.2,3.0,0.1,2.5,0.24,,,,,,,,,,,,
,,0,0,0,,,,,,,,,,,,,,,,,,,,,,,,
,,,,,,,,,,,,,,,,,,,,,,,,,,,,
100.0,1183.0,0,0,0,,,,,,,,,,,,,,,,,,,,,,,,
120.0,1203.0,0,0,0,,,,,,,,,,,,,,,,,,,,,,,,
,,1,1,3,1,,1,1,U,,,0.1,3.0,0.0,5.0,0.05,,,,,,,,,,,,
140.0,1223.0,0,0,0,,,,,,,,,,,,,,,,,,,,,,,,
,,2,1,2,1,,,,L,,,0.2,3.0,0.1,2.5,0.24,,,,,,,,,,,,
160.0,1243.0,2,1,2,1,,,,L,,,0.2,3.0,0.1,2.5,0.24,,,,,,,,,,,,
180.0,1263.0,0,0,0,,,,,,,,,,,,,,,,,,,,,,,,
,,1,1,3,,,,,,,,0.1,3.0,0.0,5.0,0.05,,,,,,,,,,,,
,,2,2,1,1,,1,1,,,,0.2,7.5,0.2,1.5,0.35,,,,,,,,,,,,
,,,,,,,,,,,,,,,,,,,,,,,,,,,,
,,,,,,,,,,,,,,,,,,,,,,,,,,,,
200.0,1283.0,0,0,0,,,,,,,,,,,,,,,,,,,,,,,,
,,,,,,,,,,,,,,,,,,,,,,,,,,,,
220.0,1303.0,0,0,0,,,,,,,,,,,,,,,,,,,,,,,,
,,,,,,,,,,,,,,,,,,,,,,,,,,,,
233.0,1316.0,0,0,0,,,,,,,,,,,,,,,,,,,,,,,,
240.0,1323.0,1,2,3,1,,1,1,,,,0.1,7.5,0.0,5.0,0.12,,,,,,,,,,,,
,,2,3,2,1,,,,,,,0.2,12.5,0.4,2.5,0.98,,,,,,,,,,,,
,,,,,,,,,,,,,,,,,,,,,,,,,,,,
0.0,1343.0,0,0,0,,,,,,,,,,,,,,,,,,,,,,,,
,,2,3,2,2,,1,1,,,,0.2,12.5,0.4,2.5,0.98,,,,,,,,,,,,
,,,,,,,,,,,,,,,,,,,,,,,,,,,,
,,,,,,,,,,,,,,,,,,,,,,,,,,,,
20.0,1363.0,2,1,1,2,1,,,"L, U",,,0.2,3.0,0.1,1.5,0.14,,,,,,,,,,,,
,,2,2,2,1,,2,1,U,,,0.2,7.5,0.2,2.5,0.59,,,,,,,,,,,,
,,3,3,1,2,,,,,,,0.5,12.5,2.5,1.5,3.68,,,,,,,,,,,,
,,,,,,,,,,,,,,,,,,,,,,,,,,,,
,,,,,,,,,,,,,,,,,,,,,,,,,,,,
,,,,,,,,,,,,,,,,,,,,,,,,,,,,
40.0,1383.0,0,0,0,,,,,,,,,,,,,,,,,,,,,,,,
,,1,2,2,1,,1,1,U,,,0.1,7.5,0.0,2.5,0.06,,,,,,,,,,,,
,,,,,,,,,,,,,,,,,,,,,,,,,,,,
,,,,,,,,,,,,,,,,,,,,,,,,,,,,
60.0,1403.0,2,2,5,2,,,,,JO,,0.2,7.5,0.2,15.0,3.53,,,,,,,,,,,,
,,1,1,5,2,,,,,,,0.1,3.0,0.0,15.0,0.14,,,,,,,,,,,,
,,1,1,5,2,,,,,,,0.1,3.0,0.0,15.0,0.14,,,,,,,,,,,,
,,1,1,5,2,,,,,JO,,0.1,3.0,0.0,15.0,0.14,,,,,,,,,,,,
,,2,3,3,2,,1,1,"L, U",JO,,0.2,12.5,0.4,5.0,1.96,,,,,,,,,,,,
,,3,2,1,2,,1,1,"L, U",JO,,0.5,7.5,1.5,1.5,2.21,,,,,,,,,,,,
,,,,,,,,,,,,,,,,,,,,,,,,,,,,
,,,,,,,,,,,,,,,,,,,,,,,,,,,,
80.0,1423.0,0,0,0,,,,,,,,,,,,,,,,,,,,,,,,
,,3,1,1,1,1,,,"L, U",,,0.5,3.0,0.6,1.5,0.88,,,,,,,,,,,,
,,,,,,,,,,,,,,,,,,,,,,,,,,,,
,,,,,,,,,,,,,,,,,,,,,,,,,,,,
,,,,,,,,,,,,,,,,,,,,,,,,,,,,
100.0,1443.0,0,0,0,,,,,,,,,,,,,,,,,,,,,,,,
,,3,1,1,2,1,,,"L, U",,,0.5,3.0,0.6,1.5,0.88,,,,,,,,,,,,
,,2,2,5,,,,,,,,0.2,7.5,0.2,15.0,3.53,,,,,,,,,,,,
,,2,2,5,,,,,,,,0.2,7.5,0.2,15.0,3.53,,,,,,,,,,,,
,,2,2,5,,,,,,,,0.2,7.5,0.2,15.0,3.53,,,,,,,,,,,,
,,,,,,,,,,,,,,,,,,,,,,,,,,,,
120.0,1463.0,2,2,1,3,1,,,L,JP,,0.2,7.5,0.2,1.5,0.35,,,,,,,,,,,,
,,3,2,1,2,1,1,1,"L, U",JP,,0.5,7.5,1.5,1.5,2.21,,,,,,,,,,,,
,,,,,,,,,,,,,,,,,,,,,,,,,,,,
,,,,,,,,,,,,,,,,,,,,,,,,,,,,
140.0,1483.0,2,3,2,2,,,,"L, U",,,0.2,12.5,0.4,2.5,0.98,,,,,,,,,,,,
,,3,3,1,2,1,1,1,"L, U",,,0.5,12.5,2.5,1.5,3.68,,,,,,,,,,,,
160.0,1503.0,0,0,0,,,,,,,,,,,,,,,,,,,,,,,,
170.0,1513.0,2,1,5,,,,,,JQ,,0.2,3.0,0.1,15.0,1.41,,,,,,,,,,,,
,,2,1,5,,,,,,,,0.2,3.0,0.1,15.0,1.41,,,,,,,,,,,,
,,2,1,5,,,,,,,,0.2,3.0,0.1,15.0,1.41,,,,,,,,,,,,
,,2,1,5,,,,,,,,0.2,3.0,0.1,15.0,1.41,,,,,,,,,,,,
,,2,1,5,,,,,,,,0.2,3.0,0.1,15.0,1.41,,,,,,,,,,,,
,,,,,,,,,,,,,,,,,,,,,,,,,,,,
,,,,,,,,,,,,,,,,,,,,,,,,,,,,
200.0,1543.0,2,1,5,,,,,,JQ,,0.2,3.0,0.1,15.0,1.41,,,,,,,,,,,,
,,2,1,5,,,,,,,,0.2,3.0,0.1,15.0,1.41,,,,,,,,,,,,
,,0,0,0,,,,,,JQ,,,,,,,,,,,,,,,,,,
,,,,,,,,,,,,,,,,,,,,,,,,,,,,
,,,,,,,,,,,,,,,,,,,,,,,,,,,,
220.0,1563.0,0,0,0,,,,,,,,,,,,,,,,,,,,,,,,
,,,,,,,,,,,,,,,,,,,,,,,,,,,,
240.0,1583.0,1,1,3,1,,1,1,,,,0.1,3.0,0.0,5.0,0.05,,,,,,,,,,,,
260.0,1603.0,0,0,0,,,,,,JR,OB,,,,,,,,,,,,,,,,,
,,3,2,3,,,,,,,OB,0.5,7.5,1.5,5.0,7.36,,,,,,,,,,,,
,,2,2,5,,,,,,,OB,0.2,7.5,0.2,15.0,3.53,,,,,,,,,,,,
,,2,1,5,,,,,,,OB,0.2,3.0,0.1,15.0,1.41,,,,,,,,,,,,
,,2,1,5,,,,,,,OB,0.2,3.0,0.1,15.0,1.41,,,,,,,,,,,,
,,1,1,5,,,,,,,OB,0.1,3.0,0.0,15.0,0.14,,,,,,,,,,,,
,,1,1,5,,,,,,,OB,0.1,3.0,0.0,15.0,0.14,,,,,,,,,,,,
,,1,1,5,,,,,,,OB,0.1,3.0,0.0,15.0,0.14,,,,,,,,,,,,
,,2,2,5,,,,,,,OB,0.2,7.5,0.2,15.0,3.53,,,,,,,,,,,,
,,2,1,5,,,,,,,OB,0.2,3.0,0.1,15.0,1.41,,,,,,,,,,,,
,,,,,,,,,,,,,,,,,,,,,,,,,,,,
280.0,1623.0,0,0,0,,,,,,JR,,,,,,,,,,,,,,,,,,
,,,,,,,,,,,,,,,,,,,,,,,,,,,,
,,,,,,,,,,,,,,,,,,,,,,,,,,,,
320.0,1663.0,2,1,1,1,,,,L,,,0.2,3.0,0.1,1.5,0.14,,,,,,,,,,,,
,,0,0,0,,,,,,,,,,,,,,,,,,,,,,,,
340.0,1683.0,0,0,0,,,,,,,,,,,,,,,,,,,,,,,,
,,2,1,2,1,,,,,,,0.2,3.0,0.1,2.5,0.24,,,,,,,,,,,,
360.0,1703.0,3,5,1,1,,1,1,U,,,0.5,25.0,4.9,1.5,7.36,,,,,,,,,,,,
380.0,1723.0,0,0,0,,,,,,,,,,,,,,,,,,,,,,,,
,,,,,,,,,,,,,,,,,,,,,,,,,,,,
,,,,,,,,,,,,,,,,,,,,,,,,,,,,
400.0,1743.0,1,1,4,2,,,,,JS,,0.1,3.0,0.0,9.5,0.09,,,,,,,,,,,,
,,2,2,2,1,,,,L,JS,,0.2,7.5,0.2,2.5,0.59,,,,,,,,,,,,
,,2,1,3,2,,,,"U, L",JS,,0.2,3.0,0.1,5.0,0.47,,,,,,,,,,,,
,,3,1,1,3,,1,1,U,JS,,0.5,3.0,0.6,1.5,0.88,,,,,,,,,,,,
,,,,,,,,,,,,,,,,,,,,,,,,,,,,
420.0,1763.0,0,0,0,,,,,,,,,,,,,,,,,,,,,,,,
,,2,1,2,1,,,,,,,0.2,3.0,0.1,2.5,0.24,,,,,,,,,,,,
440.0,1783.0,0,0,0,,,,,,,,,,,,,,,,,,,,,,,,
,,1,1,3,1,,,,,,,0.1,3.0,0.0,5.0,0.05,,,,,,,,,,,,
,,,,,,,,,,,,,,,,,,,,,,,,,,,,
460.0,1803.0,1,1,3,1,,,,,,,0.1,3.0,0.0,5.0,0.05,,,,,,,,,,,,
,,2,3,1,2,,2,1,,,,0.2,12.5,0.4,1.5,0.59,,,,,,,,,,,,
,,3,3,1,3,1,2,1,"U, L",,,0.5,12.5,2.5,1.5,3.68,,,,,,,,,,,,
,,,,,,,,,,,,,,,,,,,,,,,,,,,,
480.0,1823.0,0,0,0,,,,,,,,,,,,,,,,,,,,,,,,
,,2,2,2,2, ,1,1,U,,,0.2,7.5,0.2,2.5,0.59,,,,,,,,,,,,
500.0,1843.0,0,0,0,,,,,,,,,,,,,,,,,,,,,,,,
,,,,,,,,,,,,,,,,,,,,,,,,,,,,
520.0,1863.0,3,2,1,1,1,,,L,,,0.5,7.5,1.5,1.5,2.21,,,,,,,,,,,,
,,2,4,2,3,1,2,1,L,,,0.2,17.5,0.5,2.5,1.37,,,,,,,,,,,,
,,2,2,2,1,,,,,,,0.2,7.5,0.2,2.5,0.59,,,,,,,,,,,,
,,,,,,,,,,,,,,,,,,,,,,,,,,,,
540.0,1883.0,0,0,0,,,,,,,,,,,,,,,,,,,,,,,,
,,,,,,,,,,,,,,,,,,,,,,,,,,,,
560.0,1903.0,0,0,0,,,,,,,,,,,,,,,,,,,,,,,,
,,,,,,,,,,,,,,,,,,,,,,,,,,,,
,,,,,,,,,,,,,,,,,,,,,,,,,,,,
,,,,,,,,,,,,,,,,,,,,,,,,,,,,
,,,,,,,,,,,,,,,,,,,,,,,,,,,,
600.0,1943.0,0,0,0,,,,,,,,,,,,,,,,,,,,,,,,
,,1,1,2,1,,,,,,,0.1,3.0,0.0,2.5,0.02,,,,,,,,,,,,
,,,,,,,,,,,,,,,,,,,,,,,,,,,,
620.0,1963.0,0,0,0,,,,,,,,,,,,,,,,,,,,,,,,
,,2,1,2,1,,,,,,,0.2,3.0,0.1,2.5,0.24,,,,,,,,,,,,
,,3,1,1,1,,,,,,,0.5,3.0,0.6,1.5,0.88,,,,,,,,,,,,
,,,,,,,,,,,,,,,,,,,,,,,,,,,,
,,,,,,,,,,,,,,,,,,,,,,,,,,,,
640.0,1983.0,1,1,5,,,,,,JT,,0.1,3.0,0.0,15.0,0.14,,,,,,,,,,,,
,,1,1,5,,,,,,,,0.1,3.0,0.0,15.0,0.14,,,,,,,,,,,,
,,1,1,5,,,,,,,,0.1,3.0,0.0,15.0,0.14,,,,,,,,,,,,
,,2,4,3,1,,2,2,,JT,,0.2,17.5,0.5,5.0,2.75,,,,,,,,,,,,
,,2,1,5,,,2,2,,JT,,0.2,3.0,0.1,15.0,1.41,,,,,,,,,,,,
,,2,2,5,,,2,2,,JT,,0.2,7.5,0.2,15.0,3.53,,,,,,,,,,,,
,,2,3,5,,,2,2,,JT,,0.2,12.5,0.4,15.0,5.89,,,,,,,,,,,,
,,3,3,5,3,1,2,2,,JT,,0.5,12.5,2.5,15.0,36.82,,,,,,,,,,,,
,,,,,,,,,,,,,,,,,,,,,,,,,,,,
660.0,2003.0,1,1,3,2,,,,,,,0.1,3.0,0.0,5.0,0.05,,,,,,,,,,,,
,,2,2,3,2,,,,"L, U",,,0.2,7.5,0.2,5.0,1.18,,,,,,,,,,,,
,,3,5,1,2,,1,1,U,,,0.5,25.0,4.9,1.5,7.36,,,,,,,,,,,,
,,,,,,,,,,,,,,,,,,,,,,,,,,,,
,,,,,,,,,,,,,,,,,,,,,,,,,,,,
,,,,,,,,,,,,,,,,,,,,,,,,,,,,
680.0,2023.0,2,1,5,3,,2,1,,JU,,0.2,3.0,0.1,15.0,1.41,,,,,,,,,,,,
,,2,2,5,3,,2,1,,JU,,0.2,7.5,0.2,15.0,3.53,,,,,,,,,,,,
,,2,3,5,3,,2,1,,JU,,0.2,12.5,0.4,15.0,5.89,,,,,,,,,,,,
,,3,1,3,3,,2,1,,JU,,0.5,3.0,0.6,5.0,2.95,,,,,,,,,,,,
,,,,,,,,,,,,,,,,,,,,,,,,,,,,
700.0,2043.0,0,0,0,,,,,,,,,,,,,,,,,,,,,,,,
,,2,2,3,1,,2,1,,,,0.2,7.5,0.2,5.0,1.18,,,,,,,,,,,,
,,,,,,,,,,,,,,,,,,,,,,,,,,,,
720.0,2063.0,1,1,5,,,2,2,,JV,,0.1,3.0,0.0,15.0,0.14,,,,,,,,,,,,
,,1,1,5,,,2,2,,,,0.1,3.0,0.0,15.0,0.14,,,,,,,,,,,,
,,1,1,5,,,2,2,,JV,,0.1,3.0,0.0,15.0,0.14,,,,,,,,,,,,
,,2,1,5,,,2,2,,JV,,0.2,3.0,0.1,15.0,1.41,,,,,,,,,,,,
,,2,2,3,2,,2,2,,JV,,0.2,7.5,0.2,5.0,1.18,,,,,,,,,,,,
,,3,1,2,2,,1,2,,JV,,0.5,3.0,0.6,2.5,1.47,,,,,,,,,,,,
740.0,2083.0,0,0,0,,,,,,,,,,,,,,,,,,,,,,,,
,,1,1,3,1,,,,,,,0.1,3.0,0.0,5.0,0.05,,,,,,,,,,,,
760.0,2103.0,0,0,0,,,,,,,,,,,,,,,,,,,,,,,,
,,2,1,3,1,,,,,,,0.2,3.0,0.1,5.0,0.47,,,,,,,,,,,,
780.0,2123.0,2,2,1,1,,,,U,,,0.2,7.5,0.2,1.5,0.35,,,,,,,,,,,,
,,2,3,1,3,1,2,1,"U, L",,,0.2,12.5,0.4,1.5,0.59,,,,,,,,,,,,
800.0,2143.0,0,0,0,,,,,,,,,,,,,,,,,,,,,,,,
,,1,1,3,1,,,,,,,0.1,3.0,0.0,5.0,0.05,,,,,,,,,,,,
,,,,,,,,,,,,,,,,,,,,,,,,,,,,
820.0,2163.0,2,2,5,2,,,,,JW,,0.2,7.5,0.2,15.0,3.53,,,,,,,,,,,,
,,2,3,4,2,,2,1,,JW,,0.2,12.5,0.4,9.5,3.73,,,,,,,,,,,,
,,3,1,2,2,1,2,1,,JW,,0.5,3.0,0.6,2.5,1.47,,,,,,,,,,,,
,,3,3,2,2,1,2,1,,JW,,0.5,12.5,2.5,2.5,6.14,,,,,,,,,,,,
,,,,,,,,,,,,,,,,,,,,,,,,,,,,
840.0,2183.0,2,5,1,1,1,,,"U, L",,,0.2,25.0,0.8,1.5,1.18,,,,,,,,,,,,
,,,,,,,,,,,,,,,,,,,,,,,,,,,,
860.0,2203.0,2,3,3,1,,2,2,,,,0.2,12.5,0.4,5.0,1.96,,,,,,,,,,,,
,,3,2,2,1,,2,2,,,,0.5,7.5,1.5,2.5,3.68,,,,,,,,,,,,
,,,,,,,,,,,,,,,,,,,,,,,,,,,,
880.0,2223.0,0,0,0,,,,,,,,,,,,,,,,,,,,,,,,
900.0,2243.0,3,1,2,,,2,2,,JX,,0.5,3.0,0.6,2.5,1.47,,,,,,,,,,,,
,,2,2,4,,,2,2,,JX,,0.2,7.5,0.2,9.5,2.24,,,,,,,,,,,,
,,2,3,3,,,2,2,,JX,,0.2,12.5,0.4,5.0,1.96,,,,,,,,,,,,
,,3,2,1,,1,2,2,,JX,,0.5,7.5,1.5,1.5,2.21,,,,,,,,,,,,
920.0,2263.0,0,0,0,,,,,,,,,,,,,,,,,,,,,,,,
940.0,2283.0,2,3,5,2,,2,2,,JY,,0.2,12.5,0.4,15.0,5.89,,,,,,,,,,,,
,,3,3,5,2,,2,1,,JY,,0.5,12.5,2.5,15.0,36.82,,,,,,,,,,,,
,,4,3,1,2,,2,3,,JY,,1.0,12.5,8.9,1.5,13.29,,,,,,,,,,,,
,,2,4,5,2, ,2,2,,JY,,0.2,17.5,0.5,15.0,8.25,,,,,,,,,,,,
,,2,2,5,2,,2,1,,JY,,0.2,7.5,0.2,15.0,3.53,,,,,,,,,,,,
960.0,2303.0,2,1,3,1,1,2,1,,,,0.2,3.0,0.1,5.0,0.47,,,,,,,,,,,,
,,0,0,0,,,,,,,,,,,,,,,,,,,,,,,,
980.0,2323.0,3,2,1,1,1,2,1,,JZ,,0.5,7.5,1.5,1.5,2.21,,,,,,,,,,,,
,,2,2,3,1,1,2,1,,JZ,,0.2,7.5,0.2,5.0,1.18,,,,,,,,,,,,
,,1,1,5,1,,2,1,,JZ,,0.1,3.0,0.0,15.0,0.14,,,,,,,,,,,,
,,2,2,3,1,,2,1,,JZ,,0.2,7.5,0.2,5.0,1.18,,,,,,,,,,,,
1000.0,2343.0,1,1,3,1,,,,,,,0.1,3.0,0.0,5.0,0.05,,,,,,,,,,,,
,,0,0,0,,,,,,,,,,,,,,,,,,,,,,,,
1020.0,2363.0,2,5,1,2,,1,2,,,,0.2,25.0,0.8,1.5,1.18,,,,,,,,,,,,
,,,,,,,,,,,,,,,,,,,,,,,,,,,,
,,,,,,,,,,,,,,,,,,,,,,,,,,,,
1040.0,2383.0,2,1,5,2,,1,1,U,J2A,,0.2,3.0,0.1,15.0,1.41,,,,,,,,,,,,
,,3,1,2,2,,,,"U, L",J2A,,0.5,3.0,0.6,2.5,1.47,,,,,,,,,,,,
,,2,2,3,2,,,,,J2A,,0.2,7.5,0.2,5.0,1.18,,,,,,,,,,,,
1060.0,2403.0,3,4,1,1,,,,,,,0.5,17.5,3.4,1.5,5.15,,,,,,,,,,,,
,,2,1,2,1,,,,,,,0.2,3.0,0.1,2.5,0.24,,,,,,,,,,,,
,,1,3,3,1,1,1,1,"U, L",,,0.1,12.5,0.0,5.0,0.19,,,,,,,,,,,,
,,,,,,,,,,,,,,,,,,,,,,,,,,,,
1080.0,2423.0,2,1,3,1,,2,1,,,,0.2,3.0,0.1,5.0,0.47,,,,,,,,,,,,
,,3,1,2,1,,,,,,,0.5,3.0,0.6,2.5,1.47,,,,,,,,,,,,
,,2,3,4,1,,1,1,"U, L",,,0.2,12.5,0.4,9.5,3.73,,,,,,,,,,,,
1100.0,2443.0,2,3,1,1,1,,,,,,0.2,12.5,0.4,1.5,0.59,,,,,,,,,,,,
,,2,1,5,2,,2,1,,,,0.2,3.0,0.1,15.0,1.41,,,,,,,,,,,,
1120.0,2463.0,0,0,0,,,,,,,,,,,,,,,,,,,,,,,,
,,1,3,3,1,,,,,,,0.1,12.5,0.0,5.0,0.19,,,,,,,,,,,,
1140.0,2483.0,1,1,5,2,,,,L,J2B,,0.1,3.0,0.0,15.0,0.14,,,,,,,,,,,,
,,1,1,5,3,,,,,,,0.1,3.0,0.0,15.0,0.14,,,,,,,,,,,,
,,2,1,3,2,,,,"U, L",J2B,,0.2,3.0,0.1,5.0,0.47,,,,,,,,,,,,
,,3,1,3,2,1,1,,"U, L",J2B,,0.5,3.0,0.6,5.0,2.95,,,,,,,,,,,,
,,2,2,2,1,1,1,,,J2B,,0.2,7.5,0.2,2.5,0.59,,,,,,,,,,,,
,,,,,,,,,,,,,,,,,,,,,,,,,,,,
,,,,,,,,,,,,,,,,,,,,,,,,,,,,
1160.0,2503.0,0,0,0, ,,,,,,,,,,,,,,,,,,,,,,,
,,2,1,3,3,,2,1,,,,0.2,3.0,0.1,5.0,0.47,,,,,,,,,,,,
,,2,2,3,2,,1,1,"U, L",,,0.2,7.5,0.2,5.0,1.18,,,,,,,,,,,,
1180.0,2523.0,1,1,5,2,,,,"U, L",,,0.1,3.0,0.0,15.0,0.14,,,,,,,,,,,,
,,2,3,3,2,,,,U,,,0.2,12.5,0.4,5.0,1.96,,,,,,,,,,,,
,,2,3,2,2,1,,,"U, L",,,0.2,12.5,0.4,2.5,0.98,,,,,,,,,,,,
,,,,,,,,,,,,,,,,,,,,,,,,,,,,
,,,,,,,,,,,,,,,,,,,,,,,,,,,,
1200.0,2543.0,0,0,0,,,,,,,,,,,,,,,,,,,,,,,,
1220.0,2563.0,0,0,0,,,,,,,,,,,,,,,,,,,,,,,,
1240.0,2583.0,0,0,0,,,,,,,,,,,,,,,,,,,,,,,,
,,,,,,,,,,,,,,,,,,,,,,,,,,,,
,,,,,,,,,,,,,,,,,,,,,,,,,,,,
1260.0,2603.0,2,2,2,2,1,,,"U, L",J2C,,0.2,7.5,0.2,2.5,0.59,,,,,,,,,,,,
,,3,1,1,2,,,,U,J2C,,0.5,3.0,0.6,1.5,0.88,,,,,,,,,,,,
,,2,1,2,2,,,,U,J2C,,0.2,3.0,0.1,2.5,0.24,,,,,,,,,,,,
,,,,,,,,,,,,,,,,,,,,,,,,,,,,
1280.0,2623.0,2,2,3,3,1,,,"U, L",,,0.2,7.5,0.2,5.0,1.18,,,,,,,,,,,,
,,2,2,3,1,,,,"U, L",,,0.2,7.5,0.2,5.0,1.18,,,,,,,,,,,,
,,,,,,,,,,,,,,,,,,,,,,,,,,,,
,,,,,,,,,,,,,,,,,,,,,,,,,,,,
1300.0,2643.0,0,0,0,,,,,,,,,,,,,,,,,,,,,,,,
1320.0,2663.0,0,0,0,,,,,,,,,,,,,,,,,,,,,,,,
,,,,,,,,,,,,,,,,,,,,,,,,,,,,
,,,,,,,,,,,,,,,,,,,,,,,,,,,,
1340.0,2683.0,1,1,5,2,,,,"U, L",JD,,0.1,3.0,0.0,15.0,0.14,,,,,,,,,,,,
,,1,1,5,3,,,,"U, L",JD,,0.1,3.0,0.0,15.0,0.14,,,,,,,,,,,,
,,1,1,5,4,,,,"U, L",JD,,0.1,3.0,0.0,15.0,0.14,,,,,,,,,,,,
,,2,1,5,2,,,,"U, L",JD,,0.2,3.0,0.1,15.0,1.41,,,,,,,,,,,,
,,2,4,4,2,1,,,U,JD,#REF!,0.2,17.5,0.5,9.5,5.22,,,,,,,,,,,,
,,2,2,3,,,,,"U, L, P",JD,,0.2,7.5,0.2,5.0,1.18,,,,,,,,,,,,
,,,,,,,,,,,,,,,,,,,,,,,,,,,,
,,,,,,,,,,,,,,,,,,,,,,,,,,,,
1360.0,2703.0,0,0,0,,,,,,,,,,,,,,,,,,,,,,,,
,,2,1,2,1,,,,,,,0.2,3.0,0.1,2.5,0.24,,,,,,,,,,,,
,,,,,,,,,,,,,,,,,,,,,,,,,,,,
,,,,,,,,,,,,,,,,,,,,,,,,,,,,
1380.0,2723.0,2,1,1,2,,2,1,,,,0.2,3.0,0.1,1.5,0.14,,,,,,,,,,,,
,,1,1,1,2,,1,1,,,,0.1,3.0,0.0,1.5,0.01,,,,,,,,,,,,
,,2,3,1,2,1,1,1,U,,,0.2,12.5,0.4,1.5,0.59,,,,,,,,,,,,
1400.0,2743.0,1,2,5,2,1,1,1,,J2E,,0.1,7.5,0.0,15.0,0.35,,,,,,,,,,,,
,,2,1,3,2,,,,"U, L",J2E,,0.2,3.0,0.1,5.0,0.47,,,,,,,,,,,,
,,2,1,2,2,,,,"U, L",J2E,,0.2,3.0,0.1,2.5,0.24,,,,,,,,,,,,
,,2,3,1,3,,,,"P, L",J2E,,0.2,12.5,0.4,1.5,0.59,,,,,,,,,,,,
,,,,,,,,,,,,,,,,,,,,,,,,,,,,
,,,,,,,,,,,,,,,,,,,,,,,,,,,,
,,,,,,,,,,,,,,,,,,,,,,,,,,,,
1420.0,2763.0,0,0,0,,,,,,,,,,,,,,,,,,,,,,,,
1440.0,2783.0,0,0,0,,,,,,,,,,,,,,,,,,,,,,,,
,,3,3,1,2,1,,,U,,,0.5,12.5,2.5,1.5,3.68,,,,,,,,,,,,
1460.0,2803.0,2,2,2,1,,1,1,U,,,0.2,7.5,0.2,2.5,0.59,,,,,,,,,,,,
,,1,3,4,2,1,1,1,"U, L",,,0.1,12.5,0.0,9.5,0.36,,,,,,,,,,,,
,,2,3,3,2,1,1,1,U,,,0.2,12.5,0.4,5.0,1.96,,,,,,,,,,,,
,,,,,,,,,,,,,,,,,,,,,,,,,,,,
1500.0,2843.0,1,1,5,1,,1,1,"U, L",,,0.1,3.0,0.0,15.0,0.14,,,,,,,,,,,,
,,1,1,5,1,,,,,,,0.1,3.0,0.0,15.0,0.14,,,,,,,,,,,,
,,2,2,3,1,,2,1,,,,0.2,7.5,0.2,5.0,1.18,,,,,,,,,,,,
,,,,,,,,,,,,,,,,,,,,,,,,,,,,
,,,,,,,,,,,,,,,,,,,,,,,,,,,,
1520.0,2863.0,0,0,0,,,,,,,,,,,,,,,,,,,,,,,,
,,,,,,,,,,,,,,,,,,,,,,,,,,,,
1540.0,2883.0,1,1,5,2,,,,,J2F,,0.1,3.0,0.0,15.0,0.14,,,,,,,,,,,,
,,1,1,5,2,,,,,,,0.1,3.0,0.0,15.0,0.14,,,,,,,,,,,,
,,2,1,5,2,,2,1,,J2F,,0.2,3.0,0.1,15.0,1.41,,,,,,,,,,,,
,,2,2,5,2,1,1,1,"U, L",J2F,,0.2,7.5,0.2,15.0,3.53,,,,,,,,,,,,
1560.0,2903.0,3,1,3,1,,,,"U, L",,,0.5,3.0,0.6,5.0,2.95,,,,,,,,,,,,
,,2,1,4,2,,,,"U, L",,,0.2,3.0,0.1,9.5,0.90,,,,,,,,,,,,
,,,,,,,,,,,,,,,,,,,,,,,,,,,,
1600.0,2943.0,0,0,0,,,,,,,,,,,,,,,,,,,,,,,,
,,2,2,1,2,,,,"U, L",,,0.2,7.5,0.2,1.5,0.35,,,,,,,,,,,,
,,,,,,,,,,,,,,,,,,,,,,,,,,,,
,,,,,,,,,,,,,,,,,,,,,,,,,,,,
1620.0,2963.0,0,0,0,,,,,,,#REF!,,,,,,,,,,,,,,,,,
,,2,2,2,3,,,,L,,,0.2,7.5,0.2,2.5,0.59,,,,,,,,,,,,
,,,,,,,,,,,,,,,,,,,,,,,,,,,,
1640.0,2983.0,0,0,0,,,,,,,,,,,,,,,,,,,,,,,,
1660.0,3003.0,0,0,0,,,,,,,,,,,,,,,,,,,,,,,,
,,2,1,2,2,1,,,"U, L",,,0.2,3.0,0.1,2.5,0.24,,,,,,,,,,,,
,,3,1,1,2,1,,,"U, L",,,0.5,3.0,0.6,1.5,0.88,,,,,,,,,,,,
1680.0,3023.0,0,0,0,,,,,,,,,,,,,,,,,,,,,,,,
1700.0,3043.0,0,0,0,,,,,,,,,,,,,,,,,,,,,,,,
,,,,,,,,,,,,,,,,,,,,,,,,,,,,
,,,,,,,,,,,,,,,,,,,,,,,,,,,,
,,,,,,,,,,,,,,,,,,,,,,,,,,,,
,,,,,,,,,,,,,,,,,,,,,,,,,,,,
,,,,,,,,,,,,,,,,,,,,,,,,,,,,
,,,,,,,,,,,,,,,,,,,,,,,,,,,,
,,,,,,,,,,,,,,,,,,,,,,,,,,,,
20.0,3366.0,2,4,3,3,1,1,1,"U, L",J2H,,0.2,17.5,0.5,5.0,2.75,,,,,,,,,,,,
,,3,4,2,3,1,2,1,"U, L",J2H,,0.5,17.5,3.4,2.5,8.59,,,,,,,,,,,,
,,,,,,,,,,,,,,,,,,,,,,,,,,,,
,,,,,,,,,,,,,,,,,,,,,,,,,,,,
,,,,,,,,,,,,,,,,,,,,,,,,,,,,
,,,,,,,,,,,,,,,,,,,,,,,,,,,,
40.0,3386.0,0,0,0,,,,,,,,,,,,,,,,,,,,,,,,
,,1,1,4,,,1,1,U,,,0.1,3.0,0.0,9.5,0.09,,,,,,,,,,,,
60.0,3406.0,2,3,3,2,1,2,1,"U, L",,,0.2,12.5,0.4,5.0,1.96,,,,,,,,,,,,
80.0,3426.0,2,2,3,2,1,1,1,"U, L",,,0.2,7.5,0.2,5.0,1.18,,,,,,,,,,,,
100.0,3446.0,0,0,0,,,,,,,,,,,,,,,,,,,,,,,,
,,2,1,3,,,1,1,U,,,0.2,3.0,0.1,5.0,0.47,,,,,,,,,,,,
,,0,0,0,,,,,,,,,,,,,,,,,,,,,,,,
,,2,1,3,,1,1,,"U, L",,,0.2,3.0,0.1,5.0,0.47,,,,,,,,,,,,
,,,,,,,,,,,,,,,,,,,,,,,,,,,,
,,,,,,,,,,,,,,,,,,,,,,,,,,,,
120.0,3466.0,2,3,4,2,1,1,1,"U, L",,,0.2,12.5,0.4,9.5,3.73,,,,,,,,,,,,
,,,,,,,,,,,,,,,,,,,,,,,,,,,,
140.0,3486.0,2,2,3,2,1,1,1,"U, L",,,0.2,7.5,0.2,5.0,1.18,,,,,,,,,,,,
,,3,2,1,2,1,1,1,"U, L",,,0.5,7.5,1.5,1.5,2.21,,,,,,,,,,,,
160.0,3506.0,0,0,0,,,,,,,,,,,,,,,,,,,,,,,,
,,2,1,3,1,,,,,,,0.2,3.0,0.1,5.0,0.47,,,,,,,,,,,,
180.0,3526.0,2,3,4,2,1,1,1,"U, L",,,0.2,12.5,0.4,9.5,3.73,,,,,,,,,,,,
,,3,3,1,2,1,1,1,"U, L",,,0.5,12.5,2.5,1.5,3.68,,,,,,,,,,,,
,,,,,,,,,,,,,,,,,,,,,,,,,,,,
200.0,3546.0,2,2,3,2,,1,1,"U, L",,,0.2,7.5,0.2,5.0,1.18,,,,,,,,,,,,
,,3,3,1,3,1,2,1,U,,,0.5,12.5,2.5,1.5,3.68,,,,,,,,,,,,
220.0,3566.0,0,0,0,,,,,,,,,,,,,,,,,,,,,,,,
,,1,2,2,1,,,,,,,0.1,7.5,0.0,2.5,0.06,,,,,,,,,,,,
240.0,3586.0,0,0,0,,,,,,,,,,,,,,,,,,,,,,,,
,,2,1,2,2,,1,1,,,,0.2,3.0,0.1,2.5,0.24,,,,,,,,,,,,
260.0,3606.0,2,1,3,2,,,,"U, L",,,0.2,3.0,0.1,5.0,0.47,,,,,,,,,,,,
280.0,3626.0,0,0,0,,,,,,,,,,,,,,,,,,,,,,,,
,,2,1,1,2,,2,1,U,,,0.2,3.0,0.1,1.5,0.14,,,,,,,,,,,,
300.0,3646.0,0,0,0,,,,,,,,,,,,,,,,,,,,,,,,
,,,,,,,,,,,,,,,,,,,,,,,,,,,,
,,,,,,,,,,,,,,,,,,,,,,,,,,,,
320.0,3666.0,2,1,3,1,,,,L,J2I,,0.2,3.0,0.1,5.0,0.47,,,,,,,,,,,,
,,2,1,3,3,,,,L,J2I,,0.2,3.0,0.1,5.0,0.47,,,,,,,,,,,,
,,2,2,3,2,1,1,1,"U, L",J2I,,0.2,7.5,0.2,5.0,1.18,,,,,,,,,,,,
340.0,3686.0,0,0,0,,,,,,,,,,,,,,,,,,,,,,,,
,,,,,,,,,,,,,,,,,,,,,,,,,,,,
360.0,3706.0,1,1,3,1,,2,1,,,,0.1,3.0,0.0,5.0,0.05,,,,,,,,,,,,
,,0,0,0,,,,,,,,,,,,,,,,,,,,,,,,
380.0,3726.0,0,0,0,,,,,,,,,,,,,,,,,,,,,,,,
,,,,,,,,,,,,,,,,,,,,,,,,,,,,
400.0,3746.0,0,0,0,,,,,,,,,,,,,,,,,,,,,,,,
,,2,3,2,3,1,1,1,"U, L",,,0.2,12.5,0.4,2.5,0.98,,,,,,,,,,,,
420.0,3766.0,0,0,0,,,,,,,,,,,,,,,,,,,,,,,,
,,2,1,2,1,,,,,,,0.2,3.0,0.1,2.5,0.24,,,,,,,,,,,,
440.0,3786.0,0,0,0,,,,,,,,,,,,,,,,,,,,,,,,
460.0,3806.0,0,0,0,,,,,,,,,,,,,,,,,,,,,,,,
480.0,3826.0,0,0,0,,,,,,,,,,,,,,,,,,,,,,,,
500.0,3846.0,0,0,0,,,,,,,,,,,,,,,,,,,,,,,,
,,2,1,2,1,,,,,,,0.2,3.0,0.1,2.5,0.24,,,,,,,,,,,,
,,2,2,1,2,1,1,1,"U, L",,,0.2,7.5,0.2,1.5,0.35,,,,,,,,,,,,
520.0,3866.0,0,0,0,,,,,,,,,,,,,,,,,,,,,,,,
,,2,3,2,3,1,2,1,"U, L",,,0.2,12.5,0.4,2.5,0.98,,,,,,,,,,,,
,,,,,,,,,,,,,,,,,,,,,,,,,,,,
540.0,3886.0,0,0,0,,,,,,,,,,,,,,,,,,,,,,,,
560.0,3906.0,0,0,0,,,,,,,,,,,,,,,,,,,,,,,,
580.0,3926.0,0,0,0,,,,,,,,,,,,,,,,,,,,,,,,
,,2,1,3,1,,,,,,,0.2,3.0,0.1,5.0,0.47,,,,,,,,,,,,
600.0,3946.0,0,0,0,,,,,,,,,,,,,,,,,,,,,,,,
,,,,,,,,,,,,,,,,,,,,,,,,,,,,
620.0,3966.0,0,0,0,,,,,,,,,,,,,,,,,,,,,,,,
,,3,1,1,1,,,,,,,0.5,3.0,0.6,1.5,0.88,,,,,,,,,,,,
,,,,,,,,,,,,,,,,,,,,,,,,,,,,
640.0,3986.0,2,1,2,1,1,,,U,,,0.2,3.0,0.1,2.5,0.24,,,,,,,,,,,,
,,2,1,5,2,,,,U,,,0.2,3.0,0.1,15.0,1.41,,,,,,,,,,,,
660.0,4006.0,1,1,5,,,,,,J2J,,0.1,3.0,0.0,15.0,0.14,,,,,,,,,,,,
,,2,1,5,,,,,,J2J,,0.2,3.0,0.1,15.0,1.41,,,,,,,,,,,,
,,2,2,3,2,1,1,1,"U, L",J2J,,0.2,7.5,0.2,5.0,1.18,,,,,,,,,,,,
,,3,1,2,3,,1,1,U,J2J,,0.5,3.0,0.6,2.5,1.47,,,,,,,,,,,,
,,2,4,1,1,1,,,"U, L",J2J,,0.2,17.5,0.5,1.5,0.82,,,,,,,,,,,,
,,,,,,,,,,,,,,,,,,,,,,,,,,,,
,,,,,,,,,,,,,,,,,,,,,,,,,,,,
700.0,4046.0,0,0,0,,,,,,,,,,,,,,,,,,,,,,,,
,,2,1,2,1,,,,,,,0.2,3.0,0.1,2.5,0.24,,,,,,,,,,,,
,,,,,,,,,,,,,,,,,,,,,,,,,,,,
720.0,4066.0,0,0,0,,,,,,,,,,,,,,,,,,,,,,,,
,,2,1,3,1,,,,"U, L",,,0.2,3.0,0.1,5.0,0.47,,,,,,,,,,,,
740.0,4086.0,0,0,0,,,,,,,,,,,,,,,,,,,,,,,,
,,2,1,2,1,,,,"U, L",,,0.2,3.0,0.1,2.5,0.24,,,,,,,,,,,,
,,,,,,,,,,,,,,,,,,,,,,,,,,,,
,,,,,,,,,,,,,,,,,,,,,,,,,,,,
760.0,4106.0,0,0,0,,,,,,,,,,,,,,,,,,,,,,,,
,,2,1,3,1,,,,,,,0.2,3.0,0.1,5.0,0.47,,,,,,,,,,,,
780.0,4126.0,0,0,0,,,,,,,,,,,,,,,,,,,,,,,,
,,,,,,,,,,,,,,,,,,,,,,,,,,,,
800.0,4146.0,2,2,3,2,,1,1,,J2K,,0.2,7.5,0.2,5.0,1.18,,,,,,,,,,,,
,,1,1,5,2,,1,1,,J2K,,0.1,3.0,0.0,15.0,0.14,,,,,,,,,,,,
,,1,1,5,2,,,,,,,0.1,3.0,0.0,15.0,0.14,,,,,,,,,,,,
,,2,1,3,2,,1,1,,J2K,,0.2,3.0,0.1,5.0,0.47,,,,,,,,,,,,
820.0,4166.0,0,0,0,,,,,,,,,,,,,,,,,,,,,,,,
,,2,2,1,1,,,,"U, L",,,0.2,7.5,0.2,1.5,0.35,,,,,,,,,,,,
840.0,4186.0,0,0,0,,,,,,,,,,,,,,,,,,,,,,,,
,,2,1,1,1,,1,1,U,,,0.2,3.0,0.1,1.5,0.14,,,,,,,,,,,,
,,,,,,,,,,,,,,,,,,,,,,,,,,,,
,,,,,,,,,,,,,,,,,,,,,,,,,,,,
860.0,4206.0,0,0,0,,,,,,,,,,,,,,,,,,,,,,,,
,,,,,,,,,,,,,,,,,,,,,,,,,,,,
880.0,4226.0,2,2,2,1,,1,1,U,J2L,,0.2,7.5,0.2,2.5,0.59,,,,,,,,,,,,
,,2,2,3,2,,1,1,U,J2L,,0.2,7.5,0.2,5.0,1.18,,,,,,,,,,,,
,,2,1,5,2,,,,,,,0.2,3.0,0.1,15.0,1.41,,,,,,,,,,,,
,,2,1,5,2,,1,1,L,J2L,,0.2,3.0,0.1,15.0,1.41,,,,,,,,,,,,
,,,,,,,,,,,,,,,,,,,,,,,,,,,,
900.0,4246.0,0,0,0,,,,,,,,,,,,,,,,,,,,,,,,
,,2,1,2,1,,,,,,,0.2,3.0,0.1,2.5,0.24,,,,,,,,,,,,
,,,,,,,,,,,,,,,,,,,,,,,,,,,,
,,,,,,,,,,,,,,,,,,,,,,,,,,,,
920.0,4266.0,0,0,0,,,,,,,,,,,,,,,,,,,,,,,,
,,2,1,2,1,,1,1,U,,,0.2,3.0,0.1,2.5,0.24,,,,,,,,,,,,
,,3,1,1,2,,,,P,,,0.5,3.0,0.6,1.5,0.88,,,,,,,,,,,,
940.0,4286.0,0,0,0,,,,,,,,,,,,,,,,,,,,,,,,
960.0,4306.0,0,0,0,,,,,,,,,,,,,,,,,,,,,,,,
980.0,4326.0,0,0,0,,,,,,,,,,,,,,,,,,,,,,,,
,,1,1,3,1,,,,,,,0.1,3.0,0.0,5.0,0.05,,,,,,,,,,,,
1000.0,4346.0,0,0,0,,,,,,,,,,,,,,,,,,,,,,,,
,,1,1,3,,,,,,,,0.1,3.0,0.0,5.0,0.05,,,,,,,,,,,,
,,2,3,2,2,1,1,1,"U, L",,,0.2,12.5,0.4,2.5,0.98,,,,,,,,,,,,
1020.0,4366.0,0,0,0,,,,,,,,,,,,,,,,,,,,,,,,
,,,,,,,,,,,,,,,,,,,,,,,,,,,,
,,,,,,,,,,,,,,,,,,,,,,,,,,,,
1040.0,4386.0,0,0,0,,,,,,,,,,,,,,,,,,,,,,,,
,,2,1,1,2,,,,,,,0.2,3.0,0.1,1.5,0.14,,,,,,,,,,,,
,,,,,,,,,,,,,,,,,,,,,,,,,,,,
1060.0,4406.0,0,0,0,,,,,,,,,,,,,,,,,,,,,,,,
1080.0,4426.0,1,1,3,1,,,,,,,0.1,3.0,0.0,5.0,0.05,,,,,,,,,,,,
,,0,0,0,,,,,,,,,,,,,,,,,,,,,,,,
,,,,,,,,,,,,,,,,,,,,,,,,,,,,
1100.0,4446.0,0,0,0,,,,,,,,,,,,,,,,,,,,,,,,
1120.0,4466.0,0,0,0,,,,,,,,,,,,,,,,,,,,,,,,
1140.0,4486.0,0,0,0,,,,,,,,,,,,,,,,,,,,,,,,
1160.0,4506.0,0,0,0,,,,,,,,,,,,,,,,,,,,,,,,
,,2,2,1,1,1,,,,,,0.2,7.5,0.2,1.5,0.35,,,,,,,,,,,,
1180.0,4526.0,0,0,0,,,,,,,,,,,,,,,,,,,,,,,,
,,,,,,,,,,,,,,,,,,,,,,,,,,,,
1200.0,4546.0,0,0,0,,,,,,,,,,,,,,,,,,,,,,,,
,,1,1,2,1,,1,1,U,,,0.1,3.0,0.0,2.5,0.02,,,,,,,,,,,,
1220.0,4566.0,0,0,0,,,,,,,,,,,,,,,,,,,,,,,,
,,,,,,,,,,,,,,,,,,,,,,,,,,,,
,,,,,,,,,,,,,,,,,,,,,,,,,,,,
,,,,,,,,,,,,,,,,,,,,,,,,,,,,
1240.0,4586.0,0,0,0,,,,,,,,,,,,,,,,,,,,,,,,
,,2,1,1,1,,,,L,,,0.2,3.0,0.1,1.5,0.14,,,,,,,,,,,,
1260.0,4606.0,0,0,0,,,,,,,,,,,,,,,,,,,,,,,,
1280.0,4626.0,0,0,0,,,,,,,,,,,,,,,,,,,,,,,,
1300.0,4646.0,1,2,1,3,,2,1,,,,0.1,7.5,0.0,1.5,0.03,,,,,,,,,,,,
,,0,0,0,,,,,,,,,,,,,,,,,,,,,,,,
,,,,,,,,,,,,,,,,,,,,,,,,,,,,
,,,,,,,,,,,,,,,,,,,,,,,,,,,,
1320.0,4666.0,0,0,0,,,,,,,,,,,,,,,,,,,,,,,,
,,1,3,2,1,,1,1,,,,0.1,12.5,0.0,2.5,0.10,,,,,,,,,,,,
1340.0,4686.0,0,0,0,,,,,,,,,,,,,,,,,,,,,,,,
,,1,1,2,1,,2,1,,,,0.1,3.0,0.0,2.5,0.02,,,,,,,,,,,,
,,2,1,2,3,,2,1,P,,,0.2,3.0,0.1,2.5,0.24,,,,,,,,,,,,
,,,,,,,,,,,,,,,,,,,,,,,,,,,,
,,,,,,,,,,,,,,,,,,,,,,,,,,,,
1360.0,4706.0,1,2,2,2,,,,U,,,0.1,7.5,0.0,2.5,0.06,,,,,,,,,,,,
,,0,0,0,,,,,,,,,,,,,,,,,,,,,,,,
1380.0,4726.0,0,0,0,,,,,,,,,,,,,,,,,,,,,,,,
,,1,1,2,1,,,,U,,,0.1,3.0,0.0,2.5,0.02,,,,,,,,,,,,
1400.0,4746.0,0,0,0,,,,,,,,,,,,,,,,,,,,,,,,
,,,,,,,,,,,,,,,,,,,,,,,,,,,,
,,,,,,,,,,,,,,,,,,,,,,,,,,,,
,,,,,,,,,,,,,,,,,,,,,,,,,,,,
,,,,,,,,,,,,,,,,,,,,,,,,,,,,
,,,,,,,,,,,,,,,,,,,,,,,,,,,,
,,,,,,,,,,,,,,,,,,,,,,,,,,,,
,,,,,,,,,,,,,,,,,,,,,,,,,,,,
,,,,,,,,,,,,,,,,,,,,,,,,,,,,
,,,,,,,,,,,,,,,,,,,,,,,,,,,,
,,,,,,,,,,,,,,,,,,,,,,,,,,,,
,,,,,,,,,,,,,,,,,,,,,,,,,,,,
,,,,,,,,,,,,,,,,,,,,,,,,,,,,
,,,,,,,,,,,,,,,,,,,,,,,,,,,,
,,,,,,,,,,,,,,,,,,,,,,,,,,,,
,,,,,,,,,,,,,,,,,,,,,,,,,,,,
,,,,,,,,,,,,,,,,,,,,,,,,,,,,
,,,,,,,,,,,,,,,,,,,,,,,,,,,,
,,,,,,,,,,,,,,,,,,,,,,,,,,,,
,,,,,,,,,,,,,,,,,,,,,,,,,,,,
,,,,,,,,,,,,,,,,,,,,,,,,,,,,
,,,,,,,,,,,,,,,,,,,,,,,,,,,,
,,,,,,,,,,,,,,,,,,,,,,,,,,,,
,,,,,,,,,,,,,,,,,,,,,,,,,,,,
,,,,,,,,,,,,,,,,,,,,,,,,,,,,
,,,,,,,,,,,,,,,,,,,,,,,,,,,,
,,,,,,,,,,,,,,,,,,,,,,,,,,,,
,,,,,,,,,,,,,,,,,,,,,,,,,,,,
,,,,,,,,,,,,,,,,,,,,,,,,,,,,
,,,,,,,,,,,,,,,,,,,,,,,,,,,,
,,,,,,,,,,,,,,,,,,,,,,,,,,,,
,,,,,,,,,,,,,,,,,,,,,,,,,,,,
,,,,,,,,,,,,,,,,,,,,,,,,,,,,
,,,,,,,,,,,,,,,,,,,,,,,,,,,,
,,,,,,,,,,,,,,,,,,,,,,,,,,,,
,,,,,,,,,,,,,,,,,,,,,,,,,,,,
,,,,,,,,,,,,,,,,,,,,,,,,,,,,
,,,,,,,,,,,,,,,,,,,,,,,,,,,,
,,,,,,,,,,,,,,,,,,,,,,,,,,,,
,,,,,,,,,,,,,,,,,,,,,,,,,,,,
,,,,,,,,,,,,,,,,,,,,,,,,,,,,
,,,,,,,,,,,,,,,,,,,,,,,,,,,,
,,,,,,,,,,,,,,,,,,,,,,,,,,,,
,,,,,,,,,,,,,,,,,,,,,,,,,,,,
,,,,,,,,,,,,,,,,,,,,,,,,,,,,
,,,,,,,,,,,,,,,,,,,,,,,,,,,,
,,,,,,,,,,,,,,,,,,,,,,,,,,,,
,,,,,,,,,,,,,,,,,,,,,,,,,,,,
,,,,,,,,,,,,,,,,,,,,,,,,,,,,
,,,,,,,,,,,,,,,,,,,,,,,,,,,,
,,,,,,,,,,,,,,,,,,,,,,,,,,,,
,,,,,,,,,,,,,,,,,,,,,,,,,,,,
,,,,,,,,,,,,,,,,,,,,,,,,,,,,
,,,,,,,,,,,,,,,,,,,,,,,,,,,,
,,,,,,,,,,,,,,,,,,,,,,,,,,,,
,,,,,,,,,,,,,,,,,,,,,,,,,,,,
,,,,,,,,,,,,,,,,,,,,,,,,,,,,
,,,,,,,,,,,,,,,,,,,,,,,,,,,,
,,,,,,,,,,,,,,,,,,,,,,,,,,,,
,,,,,,,,,,,,,,,,,,,,,,,,,,,,
,,,,,,,,,,,,,,,,,,,,,,,,,,,,
,,,,,,,,,,,,,,,,,,,,,,,,,,,,
,,,,,,,,,,,,,,,,,,,,,,,,,,,,
,,,,,,,,,,,,,,,,,,,,,,,,,,,,
,,,,,,,,,,,,,,,,,,,,,,,,,,,,
,,,,,,,,,,,,,,,,,,,,,,,,,,,,
,,,,,,,,,,,,,,,,,,,,,,,,,,,,
,,,,,,,,,,,,,,,,,,,,,,,,,,,,
,,,,,,,,,,,,,,,,,,,,,,,,,,,,
,,,,,,,,,,,,,,,,,,,,,,,,,,,,
,,,,,,,,,,,,,,,,,,,,,,,,,,,,
,,,,,,,,,,,,,,,,,,,,,,,,,,,,
,,,,,,,,,,,,,,,,,,,,,,,,,,,,
,,,,,,,,,,,,,,,,,,,,,,,,,,,,
,,,,,,,,,,,,,,,,,,,,,,,,,,,,
,,,,,,,,,,,,,,,,,,,,,,,,,,,,
,,,,,,,,,,,,,,,,,,,,,,,,,,,,
,,,,,,,,,,,,,,,,,,,,,,,,,,,,
,,,,,,,,,,,,,,,,,,,,,,,,,,,,
,,,,,,,,,,,,,,,,,,,,,,,,,,,,
,,,,,,,,,,,,,,,,,,,,,,,,,,,,
,,,,,,,,,,,,,,,,,,,,,,,,,,,,
,,,,,,,,,,,,,,,,,,,,,,,,,,,,
,,,,,,,,,,,,,,,,,,,,,,,,,,,,
,,,,,,,,,,,,,,,,,,,,,,,,,,,,
,,,,,,,,,,,,,,,,,,,,,,,,,,,,
,,,,,,,,,,,,,,,,,,,,,,,,,,,,
,,,,,,,,,,,,,,,,,,,,,,,,,,,,
,,,,,,,,,,,,,,,,,,,,,,,,,,,,
,,,,,,,,,,,,,,,,,,,,,,,,,,,,
,,,,,,,,,,,,,,,,,,,,,,,,,,,,
,,,,,,,,,,,,,,,,,,,,,,,,,,,,
,,,,,,,,,,,,,,,,,,,,,,,,,,,,
,,,,,,,,,,,,,,,,,,,,,,,,,,,,
,,,,,,,,,,,,,,,,,,,,,,,,,,,,
,,,,,,,,,,,,,,,,,,,,,,,,,,,,
,,,,,,,,,,,,,,,,,,,,,,,,,,,,
,,,,,,,,,,,,,,,,,,,,,,,,,,,,
,,,,,,,,,,,,,,,,,,,,,,,,,,,,
,,,,,,,,,,,,,,,,,,,,,,,,,,,,
,,,,,,,,,,,,,,,,,,,,,,,,,,,,
,,,,,,,,,,,,,,,,,,,,,,,,,,,,
,,,,,,,,,,,,,,,,,,,,,,,,,,,,
,,,,,,,,,,,,,,,,,,,,,,,,,,,,
,,,,,,,,,,,,,,,,,,,,,,,,,,,,
,,,,,,,,,,,,,,,,,,,,,,,,,,,,
,,,,,,,,,,,,,,,,,,,,,,,,,,,,
,,,,,,,,,,,,,,,,,,,,,,,,,,,,
,,,,,,,,,,,,,,,,,,,,,,,,,,,,
,,,,,,,,,,,,,,,,,,,,,,,,,,,,
,,,,,,,,,,,,,,,,,,,,,,,,,,,,
,,,,,,,,,,,,,,,,,,,,,,,,,,,,
,,,,,,,,,,,,,,,,,,,,,,,,,,,,
,,,,,,,,,,,,,,,,,,,,,,,,,,,,
,,,,,,,,,,,,,,,,,,,,,,,,,,,,
,,,,,,,,,,,,,,,,,,,,,,,,,,,,
,,,,,,,,,,,,,,,,,,,,,,,,,,,,
,,,,,,,,,,,,,,,,,,,,,,,,,,,,
,,,,,,,,,,,,,,,,,,,,,,,,,,,,
,,,,,,,,,,,,,,,,,,,,,,,,,,,,
,,,,,,,,,,,,,,,,,,,,,,,,,,,,
,,,,,,,,,,,,,,,,,,,,,,,,,,,,
,,,,,,,,,,,,,,,,,,,,,,,,,,,,
,,,,,,,,,,,,,,,,,,,,,,,,,,,,
,,,,,,,,,,,,,,,,,,,,,,,,,,,,
,,,,,,,,,,,,,,,,,,,,,,,,,,,,
,,,,,,,,,,,,,,,,,,,,,,,,,,,,
,,,,,,,,,,,,,,,,,,,,,,,,,,,,
,,,,,,,,,,,,,,,,,,,,,,,,,,,,
,,,,,,,,,,,,,,,,,,,,,,,,,,,,
,,,,,,,,,,,,,,,,,,,,,,,,,,,,
,,,,,,,,,,,,,,,,,,,,,,,,,,,,
,,,,,,,,,,,,,,,,,,,,,,,,,,,,
,,,,,,,,,,,,,,,,,,,,,,,,,,,,
,,,,,,,,,,,,,,,,,,,,,,,,,,,,
,,,,,,,,,,,,,,,,,,,,,,,,,,,,
,,,,,,,,,,,,,,,,,,,,,,,,,,,,
,,,,,,,,,,,,,,,,,,,,,,,,,,,,
,,,,,,,,,,,,,,,,,,,,,,,,,,,,
,,,,,,,,,,,,,,,,,,,,,,,,,,,,
,,,,,,,,,,,,,,,,,,,,,,,,,,,,
,,,,,,,,,,,,,,,,,,,,,,,,,,,,
,,,,,,,,,,,,,,,,,,,,,,,,,,,,
,,,,,,,,,,,,,,,,,,,,,,,,,,,,
,,,,,,,,,,,,,,,,,,,,,,,,,,,,
,,,,,,,,,,,,,,,,,,,,,,,,,,,,
,,,,,,,,,,,,,,,,,,,,,,,,,,,,
,,,,,,,,,,,,,,,,,,,,,,,,,,,,
,,,,,,,,,,,,,,,,,,,,,,,,,,,,
,,,,,,,,,,,,,,,,,,,,,,,,,,,,
,,,,,,,,,,,,,,,,,,,,,,,,,,,,
,,,,,,,,,,,,,,,,,,,,,,,,,,,,
,,,,,,,,,,,,,,,,,,,,,,,,,,,,
,,,,,,,,,,,,,,,,,,,,,,,,,,,,
,,,,,,,,,,,,,,,,,,,,,,,,,,,,
,,,,,,,,,,,,,,,,,,,,,,,,,,,,
,,,,,,,,,,,,,,,,,,,,,,,,,,,,
,,,,,,,,,,,,,,,,,,,,,,,,,,,,
,,,,,,,,,,,,,,,,,,,,,,,,,,,,
,,,,,,,,,,,,,,,,,,,,,,,,,,,,
,,,,,,,,,,,,,,,,,,,,,,,,,,,,
,,,,,,,,,,,,,,,,,,,,,,,,,,,,
,,,,,,,,,,,,,,,,,,,,,,,,,,,,
,,,,,,,,,,,,,,,,,,,,,,,,,,,,
,,,,,,,,,,,,,,,,,,,,,,,,,,,,
,,,,,,,,,,,,,,,,,,,,,,,,,,,,
,,,,,,,,,,,,,,,,,,,,,,,,,,,,
,,,,,,,,,,,,,,,,,,,,,,,,,,,,
,,,,,,,,,,,,,,,,,,,,,,,,,,,,
,,,,,,,,,,,,,,,,,,,,,,,,,,,,
,,,,,,,,,,,,,,,,,,,,,,,,,,,,
,,,,,,,,,,,,,,,,,,,,,,,,,,,,
,,,,,,,,,,,,,,,,,,,,,,,,,,,,
,,,,,,,,,,,,,,,,,,,,,,,,,,,,
,,,,,,,,,,,,,,,,,,,,,,,,,,,,
,,,,,,,,,,,,,,,,,,,,,,,,,,,,
,,,,,,,,,,,,,,,,,,,,,,,,,,,,
,,,,,,,,,,,,,,,,,,,,,,,,,,,,
,,,,,,,,,,,,,,,,,,,,,,,,,,,,
,,,,,,,,,,,,,,,,,,,,,,,,,,,,
,,,,,,,,,,,,,,,,,,,,,,,,,,,,
,,,,,,,,,,,,,,,,,,,,,,,,,,,,
,,,,,,,,,,,,,,,,,,,,,,,,,,,,
,,,,,,,,,,,,,,,,,,,,,,,,,,,,
,,,,,,,,,,,,,,,,,,,,,,,,,,,,
,,,,,,,,,,,,,,,,,,,,,,,,,,,,
,,,,,,,,,,,,,,,,,,,,,,,,,,,,
,,,,,,,,,,,,,,,,,,,,,,,,,,,,
,,,,,,,,,,,,,,,,,,,,,,,,,,,,
,,,,,,,,,,,,,,,,,,,,,,,,,,,,
,,,,,,,,,,,,,,,,,,,,,,,,,,,,
,,,,,,,,,,,,,,,,,,,,,,,,,,,,
,,,,,,,,,,,,,,,,,,,,,,,,,,,,
,,,,,,,,,,,,,,,,,,,,,,,,,,,,
,,,,,,,,,,,,,,,,,,,,,,,,,,,,
,,,,,,,,,,,,,,,,,,,,,,,,,,,,
,,,,,,,,,,,,,,,,,,,,,,,,,,,,
,,,,,,,,,,,,,,,,,,,,,,,,,,,,
,,,,,,,,,,,,,,,,,,,,,,,,,,,,
,,,,,,,,,,,,,,,,,,,,,,,,,,,,
,,,,,,,,,,,,,,,,,,,,,,,,,,,,
,,,,,,,,,,,,,,,,,,,,,,,,,,,,
,,,,,,,,,,,,,,,,,,,,,,,,,,,,
,,,,,,,,,,,,,,,,,,,,,,,,,,,,
,,,,,,,,,,,,,,,,,,,,,,,,,,,,
,,,,,,,,,,,,,,,,,,,,,,,,,,,,
,,,,,,,,,,,,,,,,,,,,,,,,,,,,
,,,,,,,,,,,,,,,,,,,,,,,,,,,,
,,,,,,,,,,,,,,,,,,,,,,,,,,,,
,,,,,,,,,,,,,,,,,,,,,,,,,,,,
,,,,,,,,,,,,,,,,,,,,,,,,,,,,
,,,,,,,,,,,,,,,,,,,,,,,,,,,,
,,,,,,,,,,,,,,,,,,,,,,,,,,,,
,,,,,,,,,,,,,,,,,,,,,,,,,,,,
,,,,,,,,,,,,,,,,,,,,,,,,,,,,
,,,,,,,,,,,,,,,,,,,,,,,,,,,,
,,,,,,,,,,,,,,,,,,,,,,,,,,,,
,,,,,,,,,,,,,,,,,,,,,,,,,,,,
,,,,,,,,,,,,,,,,,,,,,,,,,,,,
,,,,,,,,,,,,,,,,,,,,,,,,,,,,
,,,,,,,,,,,,,,,,,,,,,,,,,,,,
,,,,,,,,,,,,,,,,,,,,,,,,,,,,
,,,,,,,,,,,,,,,,,,,,,,,,,,,,
,,,,,,,,,,,,,,,,,,,,,,,,,,,,
,,,,,,,,,,,,,,,,,,,,,,,,,,,,
,,,,,,,,,,,,,,,,,,,,,,,,,,,,
,,,,,,,,,,,,,,,,,,,,,,,,,,,,
,,,,,,,,,,,,,,,,,,,,,,,,,,,,
,,,,,,,,,,,,,,,,,,,,,,,,,,,,
,,,,,,,,,,,,,,,,,,,,,,,,,,,,
,,,,,,,,,,,,,,,,,,,,,,,,,,,,
,,,,,,,,,,,,,,,,,,,,,,,,,,,,
,,,,,,,,,,,,,,,,,,,,,,,,,,,,
,,,,,,,,,,,,,,,,,,,,,,,,,,,,
,,,,,,,,,,,,,,,,,,,,,,,,,,,,
,,,,,,,,,,,,,,,,,,,,,,,,,,,,
,,,,,,,,,,,,,,,,,,,,,,,,,,,,
,,,,,,,,,,,,,,,,,,,,,,,,,,,,
,,,,,,,,,,,,,,,,,,,,,,,,,,,,
,,,,,,,,,,,,,,,,,,,,,,,,,,,,
,,,,,,,,,,,,,,,,,,,,,,,,,,,,
,,,,,,,,,,,,,,,,,,,,,,,,,,,,
,,,,,,,,,,,,,,,,,,,,,,,,,,,,
,,,,,,,,,,,,,,,,,,,,,,,,,,,,
,,,,,,,,,,,,,,,,,,,,,,,,,,,,
,,,,,,,,,,,,,,,,,,,,,,,,,,,,
,,,,,,,,,,,,,,,,,,,,,,,,,,,,
,,,,,,,,,,,,,,,,,,,,,,,,,,,,
,,,,,,,,,,,,,,,,,,,,,,,,,,,,
,,,,,,,,,,,,,,,,,,,,,,,,,,,,
,,,,,,,,,,,,,,,,,,,,,,,,,,,,
,,,,,,,,,,,,,,,,,,,,,,,,,,,,
,,,,,,,,,,,,,,,,,,,,,,,,,,,,
,,,,,,,,,,,,,,,,,,,,,,,,,,,,
,,,,,,,,,,,,,,,,,,,,,,,,,,,,
,,,,,,,,,,,,,,,,,,,,,,,,,,,,
,,,,,,,,,,,,,,,,,,,,,,,,,,,,
,,,,,,,,,,,,,,,,,,,,,,,,,,,,
,,,,,,,,,,,,,,,,,,,,,,,,,,,,
,,,,,,,,,,,,,,,,,,,,,,,,,,,,
,,,,,,,,,,,,,,,,,,,,,,,,,,,,
,,,,,,,,,,,,,,,,,,,,,,,,,,,,
,,,,,,,,,,,,,,,,,,,,,,,,,,,,
,,,,,,,,,,,,,,,,,,,,,,,,,,,,
,,,,,,,,,,,,,,,,,,,,,,,,,,,,
,,,,,,,,,,,,,,,,,,,,,,,,,,,,
,,,,,,,,,,,,,,,,,,,,,,,,,,,,
,,,,,,,,,,,,,,,,,,,,,,,,,,,,
,,,,,,,,,,,,,,,,,,,,,,,,,,,,
,,,,,,,,,,,,,,,,,,,,,,,,,,,,
,,,,,,,,,,,,,,,,,,,,,,,,,,,,
,,,,,,,,,,,,,,,,,,,,,,,,,,,,
,,,,,,,,,,,,,,,,,,,,,,,,,,,,
,,,,,,,,,,,,,,,,,,,,,,,,,,,,
,,,,,,,,,,,,,,,,,,,,,,,,,,,,
,,,,,,,,,,,,,,,,,,,,,,,,,,,,
,,,,,,,,,,,,,,,,,,,,,,,,,,,,
,,,,,,,,,,,,,,,,,,,,,,,,,,,,
,,,,,,,,,,,,,,,,,,,,,,,,,,,,
,,,,,,,,,,,,,,,,,,,,,,,,,,,,
,,,,,,,,,,,,,,,,,,,,,,,,,,,,
,,,,,,,,,,,,,,,,,,,,,,,,,,,,
,,,,,,,,,,,,,,,,,,,,,,,,,,,,
,,,,,,,,,,,,,,,,,,,,,,,,,,,,
,,,,,,,,,,,,,,,,,,,,,,,,,,,,
,,,,,,,,,,,,,,,,,,,,,,,,,,,,
,,,,,,,,,,,,,,,,,,,,,,,,,,,,
,,,,,,,,,,,,,,,,,,,,,,,,,,,,
,,,,,,,,,,,,,,,,,,,,,,,,,,,,
,,,,,,,,,,,,,,,,,,,,,,,,,,,,
,,,,,,,,,,,,,,,,,,,,,,,,,,,,
,,,,,,,,,,,,,,,,,,,,,,,,,,,,
,,,,,,,,,,,,,,,,,,,,,,,,,,,,
,,,,,,,,,,,,,,,,,,,,,,,,,,,,
,,,,,,,,,,,,,,,,,,,,,,,,,,,,
,,,,,,,,,,,,,,,,,,,,,,,,,,,,
,,,,,,,,,,,,,,,,,,,,,,,,,,,,
,,,,,,,,,,,,,,,,,,,,,,,,,,,,
,,,,,,,,,,,,,,,,,,,,,,,,,,,,
,,,,,,,,,,,,,,,,,,,,,,,,,,,,
,,,,,,,,,,,,,,,,,,,,,,,,,,,,
,,,,,,,,,,,,,,,,,,,,,,,,,,,,
,,,,,,,,,,,,,,,,,,,,,,,,,,,,
,,,,,,,,,,,,,,,,,,,,,,,,,,,,
,,,,,,,,,,,,,,,,,,,,,,,,,,,,
,,,,,,,,,,,,,,,,,,,,,,,,,,,,
,,,,,,,,,,,,,,,,,,,,,,,,,,,,
,,,,,,,,,,,,,,,,,,,,,,,,,,,,
,,,,,,,,,,,,,,,,,,,,,,,,,,,,
,,,,,,,,,,,,,,,,,,,,,,,,,,,,
,,,,,,,,,,,,,,,,,,,,,,,,,,,,
,,,,,,,,,,,,,,,,,,,,,,,,,,,,
,,,,,,,,,,,,,,,,,,,,,,,,,,,,
,,,,,,,,,,,,,,,,,,,,,,,,,,,,
,,,,,,,,,,,,,,,,,,,,,,,,,,,,
,,,,,,,,,,,,,,,,,,,,,,,,,,,,
,,,,,,,,,,,,,,,,,,,,,,,,,,,,
,,,,,,,,,,,,,,,,,,,,,,,,,,,,
,,,,,,,,,,,,,,,,,,,,,,,,,,,,
,,,,,,,,,,,,,,,,,,,,,,,,,,,,
,,,,,,,,,,,,,,,,,,,,,,,,,,,,
,,,,,,,,,,,,,,,,,,,,,,,,,,,,
,,,,,,,,,,,,,,,,,,,,,,,,,,,,
,,,,,,,,,,,,,,,,,,,,,,,,,,,,
,,,,,,,,,,,,,,,,,,,,,,,,,,,,
,,,,,,,,,,,,,,,,,,,,,,,,,,,,
,,,,,,,,,,,,,,,,,,,,,,,,,,,,
,,,,,,,,,,,,,,,,,,,,,,,,,,,,
,,,,,,,,,,,,,,,,,,,,,,,,,,,,
,,,,,,,,,,,,,,,,,,,,,,,,,,,,
,,,,,,,,,,,,,,,,,,,,,,,,,,,,
,,,,,,,,,,,,,,,,,,,,,,,,,,,,
,,,,,,,,,,,,,,,,,,,,,,,,,,,,
,,,,,,,,,,,,,,,,,,,,,,,,,,,,
,,,,,,,,,,,,,,,,,,,,,,,,,,,,
,,,,,,,,,,,,,,,,,,,,,,,,,,,,
,,,,,,,,,,,,,,,,,,,,,,,,,,,,
,,,,,,,,,,,,,,,,,,,,,,,,,,,,